{
    "installed": {
        "client_id": "881685451226-ppjk0cmo40kgm3umje7khj82vn97jde0.apps.googleusercontent.com",
        "project_id": "data-418909",
        "auth_uri": "https://accounts.google.com/o/oauth2/auth",
        "token_uri": "https://oauth2.googleapis.com/token",
        "auth_provider_x509_cert_url": "https://www.googleapis.com/oauth2/v1/certs",
        "client_secret": "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",
        "redirect_uris": [
            "http://localhost"
        ]
    }
}